Name,Category,Rarity,Weight,StackSize,SellPrice,PageUrl,ImageUrl
Acoustic Guitar,Quick Use,Legendary,0,1,0,https://arcraiders.wiki/wiki/Acoustic_Guitar,https://arcraiders.wiki/w/images/thumb/5/50/Acoustic_Guitar.png/348px-Acoustic_Guitar.png.webp
Adrenaline Shot,Quick Use,Common,0,1,0,https://arcraiders.wiki/wiki/Adrenaline_Shot,https://arcraiders.wiki/w/images/thumb/1/1b/Adrenaline_Shot.png/348px-Adrenaline_Shot.png.webp
Advanced ARC Powercell,Topside Material,Rare,0,5,640,https://arcraiders.wiki/wiki/Advanced_ARC_Powercell,https://arcraiders.wiki/w/images/thumb/3/31/Advanced_ARC_Powercell.png/348px-Advanced_ARC_Powercell.png.webp
Advanced Electrical Components,Refined Material,Rare,0,5,1750,https://arcraiders.wiki/wiki/Advanced_Electrical_Components,https://arcraiders.wiki/w/images/thumb/9/9b/Advanced_Electrical_Components.png/348px-Advanced_Electrical_Components.png.webp
Advanced Mechanical Components,Refined Material,Rare,0,5,1750,https://arcraiders.wiki/wiki/Advanced_Mechanical_Components,https://arcraiders.wiki/w/images/thumb/2/25/Advanced_Mechanical_Components.png/348px-Advanced_Mechanical_Components.png.webp
Agave,Nature,Uncommon,0,10,1000,https://arcraiders.wiki/wiki/Agave,https://arcraiders.wiki/w/images/thumb/4/47/Agave.png/348px-Agave.png.webp
Agave Juice,Quick Use,Common,0,1,0,https://arcraiders.wiki/wiki/Agave_Juice,https://arcraiders.wiki/w/images/thumb/a/a8/Agave_Juice.png/348px-Agave_Juice.png.webp
Air Freshener,Trinket,Uncommon,0,5,2000,https://arcraiders.wiki/wiki/Air_Freshener,https://arcraiders.wiki/w/images/thumb/0/03/Air_Freshener.png/348px-Air_Freshener.png.webp
Alarm Clock,Recyclable,Rare,0,3,1000,https://arcraiders.wiki/wiki/Alarm_Clock,https://arcraiders.wiki/w/images/thumb/9/95/Alarm_Clock.png/348px-Alarm_Clock.png.webp
Ancient Fort Security Code,Key,Common,0,1,0,https://arcraiders.wiki/wiki/Ancient_Fort_Security_Code,https://arcraiders.wiki/w/images/thumb/1/1d/Security_Code.png/348px-Security_Code.png.webp
Angled Grip I,Mods,Common,0,1,0,https://arcraiders.wiki/wiki/Angled_Grip_I,https://arcraiders.wiki/w/images/thumb/b/b5/Angled_Grip_I.png/348px-Angled_Grip_I.png.webp
Angled Grip II,Mods,Uncommon,0,1,0,https://arcraiders.wiki/wiki/Angled_Grip_II,https://arcraiders.wiki/w/images/thumb/2/2b/Angled_Grip_II.png/348px-Angled_Grip_II.png.webp
Angled Grip III,Mods,Rare,0,1,0,https://arcraiders.wiki/wiki/Angled_Grip_III,https://arcraiders.wiki/w/images/thumb/0/0f/Angled_Grip_III.png/348px-Angled_Grip_III.png.webp
Antiseptic,Refined Material,Rare,0,5,1000,https://arcraiders.wiki/wiki/Antiseptic,https://arcraiders.wiki/w/images/thumb/f/f5/Antiseptic.png/348px-Antiseptic.png.webp
Anvil Splitter,Mods,Legendary,0,1,0,https://arcraiders.wiki/wiki/Anvil_Splitter,https://arcraiders.wiki/w/images/thumb/e/ef/Anvil_Splitter.png/348px-Anvil_Splitter.png.webp
Apricot,Nature,Uncommon,0,10,640,https://arcraiders.wiki/wiki/Apricot,https://arcraiders.wiki/w/images/thumb/f/fc/Apricot.png/348px-Apricot.png.webp
ARC Alloy,Topside Material,Uncommon,0,15,200,https://arcraiders.wiki/wiki/ARC_Alloy,https://arcraiders.wiki/w/images/thumb/a/a6/ARC_Alloy.png/348px-ARC_Alloy.png.webp
ARC Circuitry,Topside Material,Rare,0,5,1000,https://arcraiders.wiki/wiki/ARC_Circuitry,https://arcraiders.wiki/w/images/thumb/d/dc/ARC_Circuitry.png/348px-ARC_Circuitry.png.webp
ARC Coolant,Recyclable,Rare,0,3,1000,https://arcraiders.wiki/wiki/ARC_Coolant,https://arcraiders.wiki/w/images/thumb/e/e9/ARC_Coolant.png/348px-ARC_Coolant.png.webp
ARC Flex Rubber,Recyclable,Rare,0,3,1000,https://arcraiders.wiki/wiki/ARC_Flex_Rubber,https://arcraiders.wiki/w/images/thumb/2/29/ARC_Flex_Rubber.png/348px-ARC_Flex_Rubber.png.webp
ARC Motion Core,Topside Material,Rare,0,5,1000,https://arcraiders.wiki/wiki/ARC_Motion_Core,https://arcraiders.wiki/w/images/thumb/a/ad/ARC_Motion_Core.png/348px-ARC_Motion_Core.png.webp
ARC Performance Steel,Recyclable,Rare,0,3,1000,https://arcraiders.wiki/wiki/ARC_Performance_Steel,https://arcraiders.wiki/w/images/thumb/0/02/ARC_Performance_Steel.png/348px-ARC_Performance_Steel.png.webp
ARC Powercell,Topside Material,Common,0,1,0,https://arcraiders.wiki/wiki/ARC_Powercell,https://arcraiders.wiki/w/images/thumb/d/df/ARC_Powercell.png/348px-ARC_Powercell.png.webp
ARC Synthetic Resin,Recyclable,Rare,0,3,1000,https://arcraiders.wiki/wiki/ARC_Synthetic_Resin,https://arcraiders.wiki/w/images/thumb/7/72/ARC_Synthetic_Resin.png/348px-ARC_Synthetic_Resin.png.webp
ARC Thermo Lining,Recyclable,Rare,0,3,1000,https://arcraiders.wiki/wiki/ARC_Thermo_Lining,https://arcraiders.wiki/w/images/thumb/0/0f/ARC_Thermo_Lining.png/348px-ARC_Thermo_Lining.png.webp
Assorted Seeds,Nature,Common,0,100,100,https://arcraiders.wiki/wiki/Assorted_Seeds,https://arcraiders.wiki/w/images/thumb/5/51/Assorted_Seeds.png/348px-Assorted_Seeds.png.webp
Bandage,Quick Use,Common,0,1,0,https://arcraiders.wiki/wiki/Bandage,https://arcraiders.wiki/w/images/thumb/0/0c/Bandage.png/348px-Bandage.png.webp
Barricade Kit,Quick Use,Uncommon,0,1,0,https://arcraiders.wiki/wiki/Barricade_Kit,https://arcraiders.wiki/w/images/thumb/c/cb/Barricade_Kit.png/348px-Barricade_Kit.png.webp
Bastion Cell,Recyclable,Epic,0,3,5000,https://arcraiders.wiki/wiki/Bastion_Cell,https://arcraiders.wiki/w/images/thumb/0/06/Bastion_Cell.png/348px-Bastion_Cell.png.webp
Battery,Topside Material,Uncommon,0,15,250,https://arcraiders.wiki/wiki/Battery,https://arcraiders.wiki/w/images/thumb/6/6d/Battery.png/348px-Battery.png.webp
Bicycle Pump,Recyclable,Rare,0,3,2000,https://arcraiders.wiki/wiki/Bicycle_Pump,https://arcraiders.wiki/w/images/thumb/f/fa/Bicycle_Pump.png/348px-Bicycle_Pump.png.webp
Binoculars,Quick Use,Common,0,1,0,https://arcraiders.wiki/wiki/Binoculars,https://arcraiders.wiki/w/images/thumb/7/74/Binoculars.png/348px-Binoculars.png.webp
Blaze Grenade,Quick Use,Rare,0,1,0,https://arcraiders.wiki/wiki/Blaze_Grenade,https://arcraiders.wiki/w/images/thumb/2/24/Blaze_Grenade.png/348px-Blaze_Grenade.png.webp
Blaze Grenade Trap,Quick Use,Rare,0,1,0,https://arcraiders.wiki/wiki/Blaze_Grenade_Trap,https://arcraiders.wiki/w/images/thumb/a/af/Blaze_Grenade_Trap.png/348px-Blaze_Grenade_Trap.png.webp
Bloated Tuna Can,Trinket,Common,0,15,1000,https://arcraiders.wiki/wiki/Bloated_Tuna_Can,https://arcraiders.wiki/w/images/thumb/0/01/Bloated_Tuna_Can.png/348px-Bloated_Tuna_Can.png.webp
Blue Gate Cellar Key,Key,Rare,0,1,0,https://arcraiders.wiki/wiki/Blue_Gate_Cellar_Key,https://arcraiders.wiki/w/images/thumb/7/7c/Blue_Gate_Key_Variant_1.png/348px-Blue_Gate_Key_Variant_1.png.webp
Blue Gate Communication Tower Key,Key,Rare,0,1,0,https://arcraiders.wiki/wiki/Blue_Gate_Communication_Tower_Key,https://arcraiders.wiki/w/images/thumb/d/de/Blue_Gate_Key_Variant_2.png/348px-Blue_Gate_Key_Variant_2.png.webp
Blue Gate Confiscation Room Key,Key,Epic,0,1,0,https://arcraiders.wiki/wiki/Blue_Gate_Confiscation_Room_Key,https://arcraiders.wiki/w/images/thumb/d/de/Blue_Gate_Key_Variant_2.png/348px-Blue_Gate_Key_Variant_2.png.webp
Blue Gate Village Key,Key,Uncommon,0,1,0,https://arcraiders.wiki/wiki/Blue_Gate_Village_Key,https://arcraiders.wiki/w/images/thumb/7/7c/Blue_Gate_Key_Variant_1.png/348px-Blue_Gate_Key_Variant_1.png.webp
Bombardier Cell,Recyclable,Epic,0,3,5000,https://arcraiders.wiki/wiki/Bombardier_Cell,https://arcraiders.wiki/w/images/thumb/4/46/Bombardier_Cell.png/348px-Bombardier_Cell.png.webp
Breathtaking Snow Globe,Trinket,Epic,0,1,7000,https://arcraiders.wiki/wiki/Breathtaking_Snow_Globe,https://arcraiders.wiki/w/images/thumb/6/63/Breathtaking_Snow_Globe.png/348px-Breathtaking_Snow_Globe.png.webp
Broken Flashlight,Recyclable,Rare,0,3,1000,https://arcraiders.wiki/wiki/Broken_Flashlight,https://arcraiders.wiki/w/images/thumb/1/17/Broken_Flashlight.png/348px-Broken_Flashlight.png.webp
Broken Guidance System,Recyclable,Rare,0,3,2000,https://arcraiders.wiki/wiki/Broken_Guidance_System,https://arcraiders.wiki/w/images/thumb/9/93/Broken_Guidance_System.png/348px-Broken_Guidance_System.png.webp
Broken Handheld Radio,Recyclable,Rare,0,3,2000,https://arcraiders.wiki/wiki/Broken_Handheld_Radio,https://arcraiders.wiki/w/images/thumb/3/3b/Broken_Handheld_Radio.png/348px-Broken_Handheld_Radio.png.webp
Broken Taser,Recyclable,Rare,0,3,1000,https://arcraiders.wiki/wiki/Broken_Taser,https://arcraiders.wiki/w/images/thumb/1/18/Broken_Taser.png/348px-Broken_Taser.png.webp
Buried City Hospital Key,Key,Rare,0,1,0,https://arcraiders.wiki/wiki/Buried_City_Hospital_Key,https://arcraiders.wiki/w/images/thumb/1/11/Buried_City_Key.png/348px-Buried_City_Key.png.webp
Buried City JKV Employee Access Card,Key,Uncommon,0,1,0,https://arcraiders.wiki/wiki/Buried_City_JKV_Employee_Access_Card,https://arcraiders.wiki/w/images/thumb/1/11/Buried_City_Key.png/348px-Buried_City_Key.png.webp
Buried City Residential Master Key,Key,Uncommon,0,1,0,https://arcraiders.wiki/wiki/Buried_City_Residential_Master_Key,https://arcraiders.wiki/w/images/thumb/1/11/Buried_City_Key.png/348px-Buried_City_Key.png.webp
Buried City Town Hall Key,Key,Epic,0,1,0,https://arcraiders.wiki/wiki/Buried_City_Town_Hall_Key,https://arcraiders.wiki/w/images/thumb/1/11/Buried_City_Key.png/348px-Buried_City_Key.png.webp
Burned ARC Circuitry,Recyclable,Uncommon,0,5,640,https://arcraiders.wiki/wiki/Burned_ARC_Circuitry,https://arcraiders.wiki/w/images/thumb/3/35/Burned_ARC_Circuitry.png/348px-Burned_ARC_Circuitry.png.webp
Burnt-Out Candles,Trinket,Common,0,15,640,https://arcraiders.wiki/wiki/Burnt-Out_Candles,https://arcraiders.wiki/w/images/thumb/0/0a/Burnt-Out_Candles.png/348px-Burnt-Out_Candles.png.webp
Camera Lens,Recyclable,Uncommon,0,5,640,https://arcraiders.wiki/wiki/Camera_Lens,https://arcraiders.wiki/w/images/thumb/a/a6/Camera_Lens.png/348px-Camera_Lens.png.webp
Candle Holder,Recyclable,Uncommon,0,3,640,https://arcraiders.wiki/wiki/Candle_Holder,https://arcraiders.wiki/w/images/thumb/5/58/Candle_Holder.png/348px-Candle_Holder.png.webp
Candleberries,Nature,Rare,0,10,460,https://arcraiders.wiki/wiki/Candleberries,https://arcraiders.wiki/w/images/thumb/9/9e/Candleberries.png/348px-Candleberries.png.webp
Canister,Topside Material,Uncommon,0,15,300,https://arcraiders.wiki/wiki/Canister,https://arcraiders.wiki/w/images/thumb/5/5f/Canister.png/348px-Canister.png.webp
Cat Bed,Trinket,Uncommon,0,3,1000,https://arcraiders.wiki/wiki/Cat_Bed,https://arcraiders.wiki/w/images/thumb/8/82/Cat_Bed.png/348px-Cat_Bed.png.webp
Chemicals,Basic Material,Common,0,50,50,https://arcraiders.wiki/wiki/Chemicals,https://arcraiders.wiki/w/images/thumb/9/92/Chemicals.png/348px-Chemicals.png.webp
Coffee Pot,Trinket,Common,0,3,1000,https://arcraiders.wiki/wiki/Coffee_Pot,https://arcraiders.wiki/w/images/thumb/3/33/Coffee_Pot.png/348px-Coffee_Pot.png.webp
Combat Mk. 1,Augment,Uncommon,0,1,640,https://arcraiders.wiki/wiki/Combat_Mk._1,https://arcraiders.wiki/w/images/thumb/1/14/Combat_Mk._1.png/348px-Combat_Mk._1.png.webp
Combat Mk. 2,Augment,Rare,0,1,0,https://arcraiders.wiki/wiki/Combat_Mk._2,https://arcraiders.wiki/w/images/thumb/5/54/Combat_Mk._2.png/348px-Combat_Mk._2.png.webp
Combat Mk. 3 (Aggressive),Augment,Epic,0,1,0,https://arcraiders.wiki/wiki/Combat_Mk._3_(Aggressive),https://arcraiders.wiki/w/images/thumb/a/a4/Combat_Mk._3_%28Aggressive%29.png/348px-Combat_Mk._3_%28Aggressive%29.png.webp
Combat Mk. 3 (Flanking),Augment,Epic,0,1,0,https://arcraiders.wiki/wiki/Combat_Mk._3_(Flanking),https://arcraiders.wiki/w/images/thumb/7/73/Combat_Mk._3_%28Flanking%29.png/348px-Combat_Mk._3_%28Flanking%29.png.webp
Compensator I,Mods,Common,0,1,0,https://arcraiders.wiki/wiki/Compensator_I,https://arcraiders.wiki/w/images/thumb/5/5f/Compensator_I.png/348px-Compensator_I.png.webp
Compensator II,Mods,Uncommon,0,1,0,https://arcraiders.wiki/wiki/Compensator_II,https://arcraiders.wiki/w/images/thumb/0/0a/Compensator_II.png/348px-Compensator_II.png.webp
Compensator III,Mods,Rare,0,1,0,https://arcraiders.wiki/wiki/Compensator_III,https://arcraiders.wiki/w/images/thumb/a/af/Compensator_III.png/348px-Compensator_III.png.webp
Complex Gun Parts,Topside Material,Epic,0,3,3000,https://arcraiders.wiki/wiki/Complex_Gun_Parts,https://arcraiders.wiki/w/images/thumb/3/3d/Complex_Gun_Parts.png/348px-Complex_Gun_Parts.png.webp
Coolant,Recyclable,Rare,0,3,1000,https://arcraiders.wiki/wiki/Coolant,https://arcraiders.wiki/w/images/thumb/4/40/Coolant.png/348px-Coolant.png.webp
Cooling Coil,Recyclable,Rare,0,3,1000,https://arcraiders.wiki/wiki/Cooling_Coil,https://arcraiders.wiki/w/images/thumb/7/7f/Cooling_Coil.png/348px-Cooling_Coil.png.webp
Cooling Fan,Recyclable,Rare,0,3,2000,https://arcraiders.wiki/wiki/Cooling_Fan,https://arcraiders.wiki/w/images/thumb/1/13/Cooling_Fan.png/348px-Cooling_Fan.png.webp
Cracked Bioscanner,Recyclable,Rare,0,3,1000,https://arcraiders.wiki/wiki/Cracked_Bioscanner,https://arcraiders.wiki/w/images/thumb/9/9a/Cracked_Bioscanner.png/348px-Cracked_Bioscanner.png.webp
Crude Explosives,Refined Material,Uncommon,0,1,0,https://arcraiders.wiki/wiki/Crude_Explosives,https://arcraiders.wiki/w/images/thumb/f/fc/Crude_Explosives.png/348px-Crude_Explosives.png.webp
Crumpled Plastic Bottle,Recyclable,Uncommon,0,3,270,https://arcraiders.wiki/wiki/Crumpled_Plastic_Bottle,https://arcraiders.wiki/w/images/thumb/8/8e/Crumpled_Plastic_Bottle.png/348px-Crumpled_Plastic_Bottle.png.webp
Dam Control Tower Key,Key,Epic,0,1,0,https://arcraiders.wiki/wiki/Dam_Control_Tower_Key,https://arcraiders.wiki/w/images/thumb/4/49/Dam_Battlegrounds_Key.png/348px-Dam_Battlegrounds_Key.png.webp
Dam Staff Room Key,Key,Uncommon,0,1,0,https://arcraiders.wiki/wiki/Dam_Staff_Room_Key,https://arcraiders.wiki/w/images/thumb/4/49/Dam_Battlegrounds_Key.png/348px-Dam_Battlegrounds_Key.png.webp
Dam Surveillance Key,Key,Uncommon,0,1,0,https://arcraiders.wiki/wiki/Dam_Surveillance_Key,https://arcraiders.wiki/w/images/thumb/4/49/Dam_Battlegrounds_Key.png/348px-Dam_Battlegrounds_Key.png.webp
Dam Testing Annex Key,Key,Rare,0,1,0,https://arcraiders.wiki/wiki/Dam_Testing_Annex_Key,https://arcraiders.wiki/w/images/thumb/4/49/Dam_Battlegrounds_Key.png/348px-Dam_Battlegrounds_Key.png.webp
Dam Utility Key,Key,Uncommon,0,1,0,https://arcraiders.wiki/wiki/Dam_Utility_Key,https://arcraiders.wiki/w/images/thumb/4/49/Dam_Battlegrounds_Key.png/348px-Dam_Battlegrounds_Key.png.webp
Damaged ARC Motion Core,Recyclable,Uncommon,0,5,640,https://arcraiders.wiki/wiki/Damaged_ARC_Motion_Core,https://arcraiders.wiki/w/images/thumb/9/9e/Damaged_ARC_Motion_Core.png/348px-Damaged_ARC_Motion_Core.png.webp
Damaged ARC Powercell,Recyclable,Common,0,5,293,https://arcraiders.wiki/wiki/Damaged_ARC_Powercell,https://arcraiders.wiki/w/images/thumb/5/58/Damaged_ARC_Powercell.png/348px-Damaged_ARC_Powercell.png.webp
Damaged Fireball Burner,Recyclable,Common,0,3,270,https://arcraiders.wiki/wiki/Damaged_Fireball_Burner,https://arcraiders.wiki/w/images/thumb/d/d8/Damaged_Fireball_Burner.png/348px-Damaged_Fireball_Burner.png.webp
Damaged Heat Sink,Recyclable,Rare,0,3,1000,https://arcraiders.wiki/wiki/Damaged_Heat_Sink,https://arcraiders.wiki/w/images/thumb/1/1f/Damaged_Heat_Sink.png/348px-Damaged_Heat_Sink.png.webp
Damaged Hornet Driver,Recyclable,Common,0,3,640,https://arcraiders.wiki/wiki/Damaged_Hornet_Driver,https://arcraiders.wiki/w/images/thumb/9/96/Damaged_Hornet_Driver.png/348px-Damaged_Hornet_Driver.png.webp
Damaged Leaper Pulse Unit,Recyclable,Common,0,3,2000,https://arcraiders.wiki/wiki/Damaged_Leaper_Pulse_Unit,https://arcraiders.wiki/w/images/thumb/0/0a/Damaged_Leaper_Pulse_Unit.png/348px-Damaged_Leaper_Pulse_Unit.png.webp
Damaged Rocketeer Driver,Recyclable,Common,0,3,2000,https://arcraiders.wiki/wiki/Damaged_Rocketeer_Driver,https://arcraiders.wiki/w/images/thumb/3/3a/Damaged_Rocketeer_Driver.png/348px-Damaged_Rocketeer_Driver.png.webp
Damaged Snitch Scanner,Recyclable,Common,0,3,659,https://arcraiders.wiki/wiki/Damaged_Snitch_Scanner,https://arcraiders.wiki/w/images/thumb/8/83/Damaged_Snitch_Scanner.png/348px-Damaged_Snitch_Scanner.png.webp
Damaged Tick Pod,Recyclable,Common,0,3,270,https://arcraiders.wiki/wiki/Damaged_Tick_Pod,https://arcraiders.wiki/w/images/thumb/d/d6/Damaged_Tick_Pod.png/348px-Damaged_Tick_Pod.png.webp
Damaged Wasp Driver,Recyclable,Common,0,3,270,https://arcraiders.wiki/wiki/Damaged_Wasp_Driver,https://arcraiders.wiki/w/images/thumb/e/e6/Damaged_Wasp_Driver.png/348px-Damaged_Wasp_Driver.png.webp
Dart Board,Trinket,Uncommon,0,3,2000,https://arcraiders.wiki/wiki/Dart_Board,https://arcraiders.wiki/w/images/thumb/4/4d/Dart_Board.png/348px-Dart_Board.png.webp
Deadline,Quick Use,Epic,0,1,0,https://arcraiders.wiki/wiki/Deadline,https://arcraiders.wiki/w/images/thumb/c/c7/Deadline.png/348px-Deadline.png.webp
Defibrillator,Quick Use,Rare,0,1,0,https://arcraiders.wiki/wiki/Defibrillator,https://arcraiders.wiki/w/images/thumb/5/5f/Defibrillator.png/348px-Defibrillator.png.webp
Deflated Football,Recyclable,Uncommon,0,3,1000,https://arcraiders.wiki/wiki/Deflated_Football,https://arcraiders.wiki/w/images/thumb/7/7c/Deflated_Football.png/348px-Deflated_Football.png.webp
Degraded ARC Rubber,Recyclable,Uncommon,0,3,640,https://arcraiders.wiki/wiki/Degraded_ARC_Rubber,https://arcraiders.wiki/w/images/thumb/3/37/Degraded_ARC_Rubber.png/348px-Degraded_ARC_Rubber.png.webp
Diving Goggles,Recyclable,Rare,0,3,640,https://arcraiders.wiki/wiki/Diving_Goggles,https://arcraiders.wiki/w/images/thumb/1/1a/Diving_Goggles.png/348px-Diving_Goggles.png.webp
Dog Collar,Recyclable,Rare,0,3,640,https://arcraiders.wiki/wiki/Dog_Collar,https://arcraiders.wiki/w/images/thumb/c/c5/Dog_Collar.png/348px-Dog_Collar.png.webp
Door Blocker,Quick Use,Common,0,1,0,https://arcraiders.wiki/wiki/Door_Blocker,https://arcraiders.wiki/w/images/thumb/6/68/Door_Blocker.png/348px-Door_Blocker.png.webp
Dried-Out ARC Resin,Recyclable,Uncommon,0,3,640,https://arcraiders.wiki/wiki/Dried-Out_ARC_Resin,https://arcraiders.wiki/w/images/0/0b/Dried-Out_ARC_Resin.png
Duct Tape,Topside Material,Uncommon,0,15,300,https://arcraiders.wiki/wiki/Duct_Tape,https://arcraiders.wiki/w/images/thumb/4/4e/Duct_Tape.png/348px-Duct_Tape.png.webp
Durable Cloth,Refined Material,Uncommon,0,10,640,https://arcraiders.wiki/wiki/Durable_Cloth,https://arcraiders.wiki/w/images/thumb/2/25/Durable_Cloth.png/348px-Durable_Cloth.png.webp
Electrical Components,Refined Material,Uncommon,0,10,640,https://arcraiders.wiki/wiki/Electrical_Components,https://arcraiders.wiki/w/images/thumb/0/06/Electrical_Components.png/348px-Electrical_Components.png.webp
Empty Wine Bottle,Trinket,Common,0,5,1000,https://arcraiders.wiki/wiki/Empty_Wine_Bottle,https://arcraiders.wiki/w/images/thumb/e/e1/Empty_Wine_Bottle.png/348px-Empty_Wine_Bottle.png.webp
Energy Clip,Ammunition,Rare,0,1,0,https://arcraiders.wiki/wiki/Energy_Clip,https://arcraiders.wiki/w/images/thumb/0/08/Energy_Clip.png/348px-Energy_Clip.png.webp
Exodus Modules,Topside Material,Epic,0,3,2750,https://arcraiders.wiki/wiki/Exodus_Modules,https://arcraiders.wiki/w/images/thumb/1/1b/Exodus_Modules.png/348px-Exodus_Modules.png.webp
Expired Pasta,Trinket,Common,0,15,1000,https://arcraiders.wiki/wiki/Expired_Pasta,https://arcraiders.wiki/w/images/thumb/9/91/Expired_Pasta.png/348px-Expired_Pasta.png.webp
Expired Respirator,Recyclable,Rare,0,3,640,https://arcraiders.wiki/wiki/Expired_Respirator,https://arcraiders.wiki/w/images/thumb/b/ba/Expired_Respirator.png/348px-Expired_Respirator.png.webp
Explosive Compound,Refined Material,Rare,0,5,1000,https://arcraiders.wiki/wiki/Explosive_Compound,https://arcraiders.wiki/w/images/thumb/1/11/Explosive_Compound.png/348px-Explosive_Compound.png.webp
Explosive Mine,Quick Use,Rare,0,1,0,https://arcraiders.wiki/wiki/Explosive_Mine,https://arcraiders.wiki/w/images/thumb/2/22/Explosive_Mine.png/348px-Explosive_Mine.png.webp
Extended Barrel,Mods,Epic,0,1,0,https://arcraiders.wiki/wiki/Extended_Barrel,https://arcraiders.wiki/w/images/thumb/2/2f/Extended_Barrel.png/348px-Extended_Barrel.png.webp
Extended Light Mag I,Mods,Common,0,1,0,https://arcraiders.wiki/wiki/Extended_Light_Mag_I,https://arcraiders.wiki/w/images/thumb/2/23/Extended_Light_Mag_I.png/348px-Extended_Light_Mag_I.png.webp
Extended Light Mag II,Mods,Uncommon,0,1,0,https://arcraiders.wiki/wiki/Extended_Light_Mag_II,https://arcraiders.wiki/w/images/thumb/c/cf/Extended_Light_Mag_II.png/348px-Extended_Light_Mag_II.png.webp
Extended Light Mag III,Mods,Rare,0,1,0,https://arcraiders.wiki/wiki/Extended_Light_Mag_III,https://arcraiders.wiki/w/images/thumb/4/40/Extended_Light_Mag_III.png/348px-Extended_Light_Mag_III.png.webp
Extended Medium Mag I,Mods,Common,0,1,0,https://arcraiders.wiki/wiki/Extended_Medium_Mag_I,https://arcraiders.wiki/w/images/thumb/4/44/Extended_Medium_Mag_I.png/348px-Extended_Medium_Mag_I.png.webp
Extended Medium Mag II,Mods,Uncommon,0,1,0,https://arcraiders.wiki/wiki/Extended_Medium_Mag_II,https://arcraiders.wiki/w/images/thumb/5/50/Extended_Medium_Mag_II.png/348px-Extended_Medium_Mag_II.png.webp
Extended Medium Mag III,Mods,Rare,0,1,0,https://arcraiders.wiki/wiki/Extended_Medium_Mag_III,https://arcraiders.wiki/w/images/thumb/a/a1/Extended_Medium_Mag_III.png/348px-Extended_Medium_Mag_III.png.webp
Extended Shotgun Mag I,Mods,Common,0,1,0,https://arcraiders.wiki/wiki/Extended_Shotgun_Mag_I,https://arcraiders.wiki/w/images/thumb/9/9b/Extended_Shotgun_Mag_I.png/348px-Extended_Shotgun_Mag_I.png.webp
Extended Shotgun Mag II,Mods,Uncommon,0,1,0,https://arcraiders.wiki/wiki/Extended_Shotgun_Mag_II,https://arcraiders.wiki/w/images/thumb/4/4f/Extended_Shotgun_Mag_II.png/348px-Extended_Shotgun_Mag_II.png.webp
Extended Shotgun Mag III,Mods,Rare,0,1,0,https://arcraiders.wiki/wiki/Extended_Shotgun_Mag_III,https://arcraiders.wiki/w/images/thumb/7/77/Extended_Shotgun_Mag_III.png/348px-Extended_Shotgun_Mag_III.png.webp
Fabric,Basic Material,Common,0,1,0,https://arcraiders.wiki/wiki/Fabric,https://arcraiders.wiki/w/images/thumb/2/2b/Fabric.png/348px-Fabric.png.webp
Faded Photograph,Trinket,Common,0,15,640,https://arcraiders.wiki/wiki/Faded_Photograph,https://arcraiders.wiki/w/images/0/0c/Faded_Photograph.png
Fertilizer,Nature,Uncommon,0,5,1000,https://arcraiders.wiki/wiki/Fertilizer,https://arcraiders.wiki/w/images/thumb/2/25/Fertilizer.png/348px-Fertilizer.png.webp
Film Reel,Trinket,Rare,0,3,2000,https://arcraiders.wiki/wiki/Film_Reel,https://arcraiders.wiki/w/images/thumb/4/44/Film_Reel.png/348px-Film_Reel.png.webp
Fine Wristwatch,Trinket,Rare,0,3,3000,https://arcraiders.wiki/wiki/Fine_Wristwatch,https://arcraiders.wiki/w/images/9/94/Fine_Wristwatch.png
Fireball Burner,Recyclable,Uncommon,0,1,0,https://arcraiders.wiki/wiki/Fireball_Burner,https://arcraiders.wiki/w/images/thumb/8/8b/Fireball_Burner.png/348px-Fireball_Burner.png.webp
Firecracker,Quick Use,Common,0,1,0,https://arcraiders.wiki/wiki/Firecracker,https://arcraiders.wiki/w/images/thumb/8/86/Firecracker.png/348px-Firecracker.png.webp
Fireworks Box,Quick Use,Rare,0,1,0,https://arcraiders.wiki/wiki/Fireworks_Box,https://arcraiders.wiki/w/images/thumb/0/0f/Fireworks_Box.png/348px-Fireworks_Box.png.webp
Flame Spray,Quick Use,Uncommon,0,1,0,https://arcraiders.wiki/wiki/Flame_Spray,https://arcraiders.wiki/w/images/thumb/7/73/Flame_Spray.png/348px-Flame_Spray.png.webp
Flow Controller,Recyclable,Rare,0,3,3000,https://arcraiders.wiki/wiki/Flow_Controller,https://arcraiders.wiki/w/images/thumb/b/b6/Flow_Controller.png/348px-Flow_Controller.png.webp
Fossilized Lightning,Nature,Epic,0,1,4000,https://arcraiders.wiki/wiki/Fossilized_Lightning,https://arcraiders.wiki/w/images/thumb/8/81/Fossilized_Lightning.png/348px-Fossilized_Lightning.png.webp
Free Loadout Augment,Augment,Common,0,1,100,https://arcraiders.wiki/wiki/Free_Loadout_Augment,https://arcraiders.wiki/w/images/thumb/c/cf/Free_Loadout_Augment.png/348px-Free_Loadout_Augment.png.webp
Frequency Modulation Box,Recyclable,Rare,0,3,3000,https://arcraiders.wiki/wiki/Frequency_Modulation_Box,https://arcraiders.wiki/w/images/thumb/3/36/Frequency_Modulation_Box.png/348px-Frequency_Modulation_Box.png.webp
Fried Motherboard,Recyclable,Rare,0,3,2000,https://arcraiders.wiki/wiki/Fried_Motherboard,https://arcraiders.wiki/w/images/thumb/2/29/Fried_Motherboard.png/348px-Fried_Motherboard.png.webp
Fruit Mix,Quick Use,Uncommon,0,1,0,https://arcraiders.wiki/wiki/Fruit_Mix,https://arcraiders.wiki/w/images/thumb/5/5a/Fruit_Mix.png/348px-Fruit_Mix.png.webp
Frying Pan,Recyclable,Rare,0,3,640,https://arcraiders.wiki/wiki/Frying_Pan,https://arcraiders.wiki/w/images/thumb/7/74/Frying_Pan.png/348px-Frying_Pan.png.webp
Garlic Press,Recyclable,Uncommon,0,3,1000,https://arcraiders.wiki/wiki/Garlic_Press,https://arcraiders.wiki/w/images/thumb/8/88/Garlic_Press.png/348px-Garlic_Press.png.webp
Gas Grenade,Quick Use,Common,0,1,0,https://arcraiders.wiki/wiki/Gas_Grenade,https://arcraiders.wiki/w/images/thumb/f/fe/Gas_Grenade.png/348px-Gas_Grenade.png.webp
Gas Grenade Trap,Quick Use,Common,0,1,0,https://arcraiders.wiki/wiki/Gas_Grenade_Trap,https://arcraiders.wiki/w/images/thumb/3/33/Gas_Grenade_Trap.png/348px-Gas_Grenade_Trap.png.webp
Gas Mine,Quick Use,Common,0,1,0,https://arcraiders.wiki/wiki/Gas_Mine,https://arcraiders.wiki/w/images/thumb/c/ce/Gas_Mine.png/348px-Gas_Mine.png.webp
Geiger Counter,Recyclable,Epic,0,3,3500,https://arcraiders.wiki/wiki/Geiger_Counter,https://arcraiders.wiki/w/images/thumb/3/37/Geiger_Counter.png/348px-Geiger_Counter.png.webp
Great Mullein,Topside Material,Uncommon,0,15,300,https://arcraiders.wiki/wiki/Great_Mullein,https://arcraiders.wiki/w/images/thumb/0/0d/Great_Mullein.png/348px-Great_Mullein.png.webp
Headphones,Recyclable,Rare,0,3,1000,https://arcraiders.wiki/wiki/Headphones,https://arcraiders.wiki/w/images/thumb/0/0f/Headphones.png/348px-Headphones.png.webp
Heavy Ammo,Ammunition,Common,0,1,0,https://arcraiders.wiki/wiki/Heavy_Ammo,https://arcraiders.wiki/w/images/thumb/6/6f/Heavy_Ammo.png/348px-Heavy_Ammo.png.webp
Heavy Fuze Grenade,Quick Use,Rare,0,1,0,https://arcraiders.wiki/wiki/Heavy_Fuze_Grenade,https://arcraiders.wiki/w/images/thumb/e/ea/Heavy_Fuze_Grenade.png/348px-Heavy_Fuze_Grenade.png.webp
Heavy Gun Parts,Topside Material,Rare,0,5,700,https://arcraiders.wiki/wiki/Heavy_Gun_Parts,https://arcraiders.wiki/w/images/thumb/3/33/Heavy_Gun_Parts.png/348px-Heavy_Gun_Parts.png.webp
Heavy Shield,Shield,Epic,0,1,0,https://arcraiders.wiki/wiki/Heavy_Shield,https://arcraiders.wiki/w/images/thumb/f/f9/Heavy_Shield.png/348px-Heavy_Shield.png.webp
Herbal Bandage,Quick Use,Uncommon,0,1,0,https://arcraiders.wiki/wiki/Herbal_Bandage,https://arcraiders.wiki/w/images/thumb/c/c5/Herbal_Bandage.png/348px-Herbal_Bandage.png.webp
Horizontal Grip,Mods,Epic,0,1,0,https://arcraiders.wiki/wiki/Horizontal_Grip,https://arcraiders.wiki/w/images/thumb/8/89/Horizontal_Grip.png/348px-Horizontal_Grip.png.webp
Hornet Driver,Recyclable,Rare,0,1,0,https://arcraiders.wiki/wiki/Hornet_Driver,https://arcraiders.wiki/w/images/thumb/b/bb/Hornet_Driver.png/348px-Hornet_Driver.png.webp
Household Cleaner,Recyclable,Uncommon,0,3,640,https://arcraiders.wiki/wiki/Household_Cleaner,https://arcraiders.wiki/w/images/thumb/3/36/Household_Cleaner.png/348px-Household_Cleaner.png.webp
Humidifier,Recyclable,Rare,0,3,1000,https://arcraiders.wiki/wiki/Humidifier,https://arcraiders.wiki/w/images/thumb/4/4b/Humidifier.png/348px-Humidifier.png.webp
Ice Cream Scooper,Recyclable,Uncommon,0,3,640,https://arcraiders.wiki/wiki/Ice_Cream_Scooper,https://arcraiders.wiki/w/images/thumb/c/c9/Ice_Cream_Scooper.png/348px-Ice_Cream_Scooper.png.webp
Impure ARC Coolant,Recyclable,Uncommon,0,3,640,https://arcraiders.wiki/wiki/Impure_ARC_Coolant,https://arcraiders.wiki/w/images/thumb/a/a0/Impure_ARC_Coolant.png/348px-Impure_ARC_Coolant.png.webp
Industrial Battery,Recyclable,Rare,0,3,1000,https://arcraiders.wiki/wiki/Industrial_Battery,https://arcraiders.wiki/w/images/thumb/c/c9/Industrial_Battery.png/348px-Industrial_Battery.png.webp
Industrial Charger,Recyclable,Rare,0,3,1000,https://arcraiders.wiki/wiki/Industrial_Charger,https://arcraiders.wiki/w/images/thumb/6/66/Industrial_Charger.png/348px-Industrial_Charger.png.webp
Industrial Magnet,Recyclable,Rare,0,3,1000,https://arcraiders.wiki/wiki/Industrial_Magnet,https://arcraiders.wiki/w/images/thumb/3/38/Industrial_Magnet.png/348px-Industrial_Magnet.png.webp
Integrated Binoculars,Quick Use,Common,0,1,0,https://arcraiders.wiki/wiki/Integrated_Binoculars,https://arcraiders.wiki/w/images/thumb/7/74/Binoculars.png/348px-Binoculars.png.webp
Integrated Shield Recharger,Quick Use,Common,0,1,0,https://arcraiders.wiki/wiki/Integrated_Shield_Recharger,https://arcraiders.wiki/w/images/thumb/c/c9/Surge_Shield_Recharger.png/348px-Surge_Shield_Recharger.png.webp
Ion Sputter,Recyclable,Epic,0,3,6000,https://arcraiders.wiki/wiki/Ion_Sputter,https://arcraiders.wiki/w/images/thumb/e/e7/Ion_Sputter.png/348px-Ion_Sputter.png.webp
Jolt Mine,Quick Use,Rare,0,1,0,https://arcraiders.wiki/wiki/Jolt_Mine,https://arcraiders.wiki/w/images/thumb/5/5a/Jolt_Mine.png/348px-Jolt_Mine.png.webp
Kinetic Converter,Mods,Legendary,0,1,0,https://arcraiders.wiki/wiki/Kinetic_Converter,https://arcraiders.wiki/w/images/thumb/7/71/Kinetic_Converter.png/348px-Kinetic_Converter.png.webp
Laboratory Reagents,Recyclable,Rare,0,3,2000,https://arcraiders.wiki/wiki/Laboratory_Reagents,https://arcraiders.wiki/w/images/thumb/e/e5/Laboratory_Reagents.png/348px-Laboratory_Reagents.png.webp
Lance's Mixtape (5th Edition),Trinket,Epic,0,3,10000,https://arcraiders.wiki/wiki/Lance%27s_Mixtape_(5th_Edition),https://arcraiders.wiki/w/images/thumb/1/15/Lance%27s_Mixtape_%285th_Edition%29.png/348px-Lance%27s_Mixtape_%285th_Edition%29.png.webp
Launcher Ammo,Ammunition,Rare,0,1,0,https://arcraiders.wiki/wiki/Launcher_Ammo,https://arcraiders.wiki/w/images/thumb/9/99/Launcher_Ammo.png/348px-Launcher_Ammo.png.webp
Leaper Pulse Unit,Recyclable,Epic,0,1,0,https://arcraiders.wiki/wiki/Leaper_Pulse_Unit,https://arcraiders.wiki/w/images/thumb/a/a0/Leaper_Pulse_Unit.png/348px-Leaper_Pulse_Unit.png.webp
Lemon,Nature,Uncommon,0,10,640,https://arcraiders.wiki/wiki/Lemon,https://arcraiders.wiki/w/images/thumb/3/35/Lemon.png/348px-Lemon.png.webp
Li'l Smoke Grenade,Quick Use,Common,0,1,0,https://arcraiders.wiki/wiki/Li%27l_Smoke_Grenade,https://arcraiders.wiki/w/images/thumb/1/19/Lil_Smoke_Grenade.png/348px-Lil_Smoke_Grenade.png.webp
Light Ammo,Ammunition,Common,0,1,0,https://arcraiders.wiki/wiki/Light_Ammo,https://arcraiders.wiki/w/images/thumb/2/22/Light_Ammo.png/348px-Light_Ammo.png.webp
Light Bulb,Trinket,Uncommon,0,3,2000,https://arcraiders.wiki/wiki/Light_Bulb,https://arcraiders.wiki/w/images/thumb/2/2c/Light_Bulb.png/348px-Light_Bulb.png.webp
Light Gun Parts,Topside Material,Rare,0,5,700,https://arcraiders.wiki/wiki/Light_Gun_Parts,https://arcraiders.wiki/w/images/thumb/c/c9/Light_Gun_Parts.png/348px-Light_Gun_Parts.png.webp
Light Impact Grenade,Quick Use,Common,0,1,0,https://arcraiders.wiki/wiki/Light_Impact_Grenade,https://arcraiders.wiki/w/images/thumb/4/4c/Light_Impact_Grenade.png/348px-Light_Impact_Grenade.png.webp
Light Shield,Shield,Uncommon,0,1,0,https://arcraiders.wiki/wiki/Light_Shield,https://arcraiders.wiki/w/images/thumb/4/40/Light_Shield.png/348px-Light_Shield.png.webp
Light Stick,Quick Use,Common,0,1,0,https://arcraiders.wiki/wiki/Light_Stick,https://arcraiders.wiki/w/images/thumb/c/cc/Blue_Light_Stick.png/348px-Blue_Light_Stick.png.webp
Lightweight Stock,Mods,Epic,0,1,0,https://arcraiders.wiki/wiki/Lightweight_Stock,https://arcraiders.wiki/w/images/thumb/c/cb/Lightweight_Stock.png/348px-Lightweight_Stock.png.webp
Looting Mk. 1,Augment,Uncommon,0,1,640,https://arcraiders.wiki/wiki/Looting_Mk._1,https://arcraiders.wiki/w/images/thumb/2/27/Looting_Mk._1.png/348px-Looting_Mk._1.png.webp
Looting Mk. 2,Augment,Rare,0,1,0,https://arcraiders.wiki/wiki/Looting_Mk._2,https://arcraiders.wiki/w/images/thumb/7/7c/Looting_Mk._2.png/348px-Looting_Mk._2.png.webp
Looting Mk. 3 (Cautious),Augment,Epic,0,1,0,https://arcraiders.wiki/wiki/Looting_Mk._3_(Cautious),https://arcraiders.wiki/w/images/thumb/6/68/Looting_Mk._3_%28Cautious%29.png/348px-Looting_Mk._3_%28Cautious%29.png.webp
Looting Mk. 3 (Survivor),Augment,Epic,0,1,0,https://arcraiders.wiki/wiki/Looting_Mk._3_(Survivor),https://arcraiders.wiki/w/images/thumb/7/74/Looting_Mk._3_%28Survivor%29.png/348px-Looting_Mk._3_%28Survivor%29.png.webp
Lure Grenade,Quick Use,Uncommon,0,1,0,https://arcraiders.wiki/wiki/Lure_Grenade,https://arcraiders.wiki/w/images/thumb/7/77/Lure_Grenade.png/348px-Lure_Grenade.png.webp
Lure Grenade Trap,Quick Use,Uncommon,0,1,0,https://arcraiders.wiki/wiki/Lure_Grenade_Trap,https://arcraiders.wiki/w/images/thumb/9/92/Lure_Grenade_Trap.png/348px-Lure_Grenade_Trap.png.webp
Magnet,Topside Material,Uncommon,0,15,300,https://arcraiders.wiki/wiki/Magnet,https://arcraiders.wiki/w/images/thumb/8/8c/Magnet.png/348px-Magnet.png.webp
Magnetic Accelerator,Refined Material,Epic,0,3,5500,https://arcraiders.wiki/wiki/Magnetic_Accelerator,https://arcraiders.wiki/w/images/thumb/5/5e/Magnetic_Accelerator.png/348px-Magnetic_Accelerator.png.webp
Magnetron,Recyclable,Epic,0,3,6000,https://arcraiders.wiki/wiki/Magnetron,https://arcraiders.wiki/w/images/thumb/a/a2/Magnetron.png/348px-Magnetron.png.webp
Matriarch Reactor,Recyclable,Legendary,0,1,13000,https://arcraiders.wiki/wiki/Matriarch_Reactor,https://arcraiders.wiki/w/images/thumb/2/24/Matriarch_Reactor.png/348px-Matriarch_Reactor.png.webp
Mechanical Components,Refined Material,Uncommon,0,10,640,https://arcraiders.wiki/wiki/Mechanical_Components,https://arcraiders.wiki/w/images/thumb/9/94/Mechanical_Components.png/348px-Mechanical_Components.png.webp
Medium Ammo,Ammunition,Common,0,1,0,https://arcraiders.wiki/wiki/Medium_Ammo,https://arcraiders.wiki/w/images/thumb/d/d3/Medium_Ammo.png/348px-Medium_Ammo.png.webp
Medium Gun Parts,Topside Material,Rare,0,5,700,https://arcraiders.wiki/wiki/Medium_Gun_Parts,https://arcraiders.wiki/w/images/thumb/9/9a/Medium_Gun_Parts.png/348px-Medium_Gun_Parts.png.webp
Medium Shield,Shield,Rare,0,1,0,https://arcraiders.wiki/wiki/Medium_Shield,https://arcraiders.wiki/w/images/thumb/4/41/Medium_Shield.png/348px-Medium_Shield.png.webp
Metal Brackets,Recyclable,Uncommon,0,3,640,https://arcraiders.wiki/wiki/Metal_Brackets,https://arcraiders.wiki/w/images/thumb/6/62/Metal_Brackets.png/348px-Metal_Brackets.png.webp
Metal Parts,Basic Material,Common,0,50,75,https://arcraiders.wiki/wiki/Metal_Parts,https://arcraiders.wiki/w/images/thumb/8/89/Metal_Parts.png/348px-Metal_Parts.png.webp
Microscope,Recyclable,Rare,0,3,3000,https://arcraiders.wiki/wiki/Microscope,https://arcraiders.wiki/w/images/thumb/2/2c/Microscope.png/348px-Microscope.png.webp
Mini Centrifuge,Recyclable,Rare,0,3,3000,https://arcraiders.wiki/wiki/Mini_Centrifuge,https://arcraiders.wiki/w/images/thumb/9/9f/Mini_Centrifuge.png/348px-Mini_Centrifuge.png.webp
Mod Components,Refined Material,Rare,0,5,1750,https://arcraiders.wiki/wiki/Mod_Components,https://arcraiders.wiki/w/images/thumb/0/0f/Mod_Components.png/348px-Mod_Components.png.webp
Moss,Topside Material,Rare,0,10,500,https://arcraiders.wiki/wiki/Moss,https://arcraiders.wiki/w/images/thumb/6/64/Moss.png/348px-Moss.png.webp
Motor,Recyclable,Rare,0,3,2000,https://arcraiders.wiki/wiki/Motor,https://arcraiders.wiki/w/images/thumb/0/0f/Motor.png/348px-Motor.png.webp
Mushroom,Nature,Uncommon,0,10,1000,https://arcraiders.wiki/wiki/Mushroom,https://arcraiders.wiki/w/images/thumb/8/8c/Mushroom.png/348px-Mushroom.png.webp
Music Album,Trinket,Rare,0,3,3000,https://arcraiders.wiki/wiki/Music_Album,https://arcraiders.wiki/w/images/thumb/9/90/Music_Album.png/348px-Music_Album.png.webp
Music Box,Trinket,Rare,0,3,5000,https://arcraiders.wiki/wiki/Music_Box,https://arcraiders.wiki/w/images/thumb/7/74/Music_Box.png/348px-Music_Box.png.webp
Muzzle Brake I,Mods,Common,0,1,0,https://arcraiders.wiki/wiki/Muzzle_Brake_I,https://arcraiders.wiki/w/images/thumb/4/4f/Muzzle_Brake_I.png/348px-Muzzle_Brake_I.png.webp
Muzzle Brake II,Mods,Uncommon,0,1,0,https://arcraiders.wiki/wiki/Muzzle_Brake_II,https://arcraiders.wiki/w/images/thumb/2/23/Muzzle_Brake_II.png/348px-Muzzle_Brake_II.png.webp
Muzzle Brake III,Mods,Rare,0,1,0,https://arcraiders.wiki/wiki/Muzzle_Brake_III,https://arcraiders.wiki/w/images/thumb/a/a2/Muzzle_Brake_III.png/348px-Muzzle_Brake_III.png.webp
Noisemaker,Quick Use,Common,0,1,0,https://arcraiders.wiki/wiki/Noisemaker,https://arcraiders.wiki/w/images/thumb/5/5c/Noisemaker.png/348px-Noisemaker.png.webp
Number Plate,Recyclable,Uncommon,0,3,270,https://arcraiders.wiki/wiki/Number_Plate,https://arcraiders.wiki/w/images/thumb/5/51/Number_Plate.png/348px-Number_Plate.png.webp
Oil,Topside Material,Uncommon,0,15,300,https://arcraiders.wiki/wiki/Oil,https://arcraiders.wiki/w/images/thumb/0/06/Oil.png/348px-Oil.png.webp
Olives,Nature,Uncommon,0,10,640,https://arcraiders.wiki/wiki/Olives,https://arcraiders.wiki/w/images/thumb/f/f3/Olives.png/348px-Olives.png.webp
Padded Stock,Mods,Epic,0,1,0,https://arcraiders.wiki/wiki/Padded_Stock,https://arcraiders.wiki/w/images/thumb/4/4b/Padded_Stock.png/348px-Padded_Stock.png.webp
Painted Box,Trinket,Uncommon,0,3,2000,https://arcraiders.wiki/wiki/Painted_Box,https://arcraiders.wiki/w/images/thumb/5/53/Painted_Box.png/348px-Painted_Box.png.webp
Patrol Car Key,Key,Uncommon,0,1,0,https://arcraiders.wiki/wiki/Patrol_Car_Key,https://arcraiders.wiki/w/images/b/b0/Patrol_Car_Key.png
Photoelectric Cloak,Quick Use,Epic,0,1,0,https://arcraiders.wiki/wiki/Photoelectric_Cloak,https://arcraiders.wiki/w/images/thumb/0/06/Photoelectric_Cloak.png/348px-Photoelectric_Cloak.png.webp
Pilgrim's Peak Security Code,Key,Common,0,1,0,https://arcraiders.wiki/wiki/Pilgrim%27s_Peak_Security_Code,https://arcraiders.wiki/w/images/thumb/1/1d/Security_Code.png/348px-Security_Code.png.webp
Plastic Parts,Basic Material,Common,0,50,60,https://arcraiders.wiki/wiki/Plastic_Parts,https://arcraiders.wiki/w/images/thumb/c/c9/Plastic_Parts.png/348px-Plastic_Parts.png.webp
Playing Cards,Trinket,Rare,0,3,5000,https://arcraiders.wiki/wiki/Playing_Cards,https://arcraiders.wiki/w/images/thumb/e/e2/Playing_Cards.png/348px-Playing_Cards.png.webp
Polluted Air Filter,Recyclable,Rare,0,3,1000,https://arcraiders.wiki/wiki/Polluted_Air_Filter,https://arcraiders.wiki/w/images/thumb/6/6e/Polluted_Air_Filter.png/348px-Polluted_Air_Filter.png.webp
Pop Trigger,Recyclable,Uncommon,0,3,640,https://arcraiders.wiki/wiki/Pop_Trigger,https://arcraiders.wiki/w/images/thumb/c/c6/Pop_Trigger.png/348px-Pop_Trigger.png.webp
Portable TV,Recyclable,Rare,0,1,2000,https://arcraiders.wiki/wiki/Portable_TV,https://arcraiders.wiki/w/images/thumb/5/5f/Portable_TV.png/348px-Portable_TV.png.webp
Poster Of Natural Wonders,Trinket,Uncommon,0,3,2000,https://arcraiders.wiki/wiki/Poster_Of_Natural_Wonders,https://arcraiders.wiki/w/images/thumb/f/f2/Poster_of_Natural_Wonders.png/348px-Poster_of_Natural_Wonders.png.webp
Pottery,Trinket,Uncommon,0,3,2000,https://arcraiders.wiki/wiki/Pottery,https://arcraiders.wiki/w/images/thumb/c/c0/Pottery.png/348px-Pottery.png.webp
Power Bank,Recyclable,Rare,0,3,1000,https://arcraiders.wiki/wiki/Power_Bank,https://arcraiders.wiki/w/images/thumb/7/77/Power_Bank.png/348px-Power_Bank.png.webp
Power Cable,Recyclable,Rare,0,3,1000,https://arcraiders.wiki/wiki/Power_Cable,https://arcraiders.wiki/w/images/thumb/f/f8/Power_Cable.png/348px-Power_Cable.png.webp
Power Rod,Refined Material,Epic,0,3,5000,https://arcraiders.wiki/wiki/Power_Rod,https://arcraiders.wiki/w/images/thumb/3/31/Power_Rod.png/348px-Power_Rod.png.webp
Prickly Pear,Nature,Uncommon,0,10,640,https://arcraiders.wiki/wiki/Prickly_Pear,https://arcraiders.wiki/w/images/thumb/8/80/Prickly_Pear.png/348px-Prickly_Pear.png.webp
Processor,Topside Material,Rare,0,5,500,https://arcraiders.wiki/wiki/Processor,https://arcraiders.wiki/w/images/thumb/4/4e/Processor.png/348px-Processor.png.webp
Projector,Recyclable,Rare,0,3,1000,https://arcraiders.wiki/wiki/Projector,https://arcraiders.wiki/w/images/thumb/0/04/Projector.png/348px-Projector.png.webp
Pulse Mine,Quick Use,Uncommon,0,1,0,https://arcraiders.wiki/wiki/Pulse_Mine,https://arcraiders.wiki/w/images/thumb/a/af/Pulse_Mine.png/348px-Pulse_Mine.png.webp
Queen Reactor,Recyclable,Legendary,0,1,13000,https://arcraiders.wiki/wiki/Queen_Reactor,https://arcraiders.wiki/w/images/thumb/6/6b/Queen_Reactor.png/348px-Queen_Reactor.png.webp
Radio,Recyclable,Rare,0,3,1000,https://arcraiders.wiki/wiki/Radio,https://arcraiders.wiki/w/images/thumb/3/31/Radio.png/348px-Radio.png.webp
Radio Relay,Recyclable,Rare,0,3,3000,https://arcraiders.wiki/wiki/Radio_Relay,https://arcraiders.wiki/w/images/thumb/b/b6/Radio_Relay.png/348px-Radio_Relay.png.webp
Raider Hatch Key,Key,Rare,0,1,0,https://arcraiders.wiki/wiki/Raider_Hatch_Key,https://arcraiders.wiki/w/images/thumb/6/68/Raider_Hatch_Key.png/348px-Raider_Hatch_Key.png.webp
Raider's Refuge Security Code,Key,Common,0,1,0,https://arcraiders.wiki/wiki/Raider%27s_Refuge_Security_Code,https://arcraiders.wiki/w/images/thumb/1/1d/Security_Code.png/348px-Security_Code.png.webp
Recorder,Quick Use,Uncommon,0,1,1000,https://arcraiders.wiki/wiki/Recorder,https://arcraiders.wiki/w/images/thumb/6/6d/Recorder.png/348px-Recorder.png.webp
Red Coral Jewelry,Trinket,Rare,0,3,5000,https://arcraiders.wiki/wiki/Red_Coral_Jewelry,https://arcraiders.wiki/w/images/thumb/1/1a/Red_Coral_Jewelry.png/348px-Red_Coral_Jewelry.png.webp
Reinforced Reception Security Code,Key,Common,0,1,0,https://arcraiders.wiki/wiki/Reinforced_Reception_Security_Code,https://arcraiders.wiki/w/images/thumb/1/1d/Security_Code.png/348px-Security_Code.png.webp
Remote Control,Recyclable,Rare,0,3,1000,https://arcraiders.wiki/wiki/Remote_Control,https://arcraiders.wiki/w/images/thumb/f/f4/Remote_Control.png/348px-Remote_Control.png.webp
Remote Raider Flare,Quick Use,Common,0,1,0,https://arcraiders.wiki/wiki/Remote_Raider_Flare,https://arcraiders.wiki/w/images/thumb/f/ff/Remote_Raider_Flare.png/348px-Remote_Raider_Flare.png.webp
Resin,Nature,Common,0,10,1000,https://arcraiders.wiki/wiki/Resin,https://arcraiders.wiki/w/images/thumb/2/2c/Resin.png/348px-Resin.png.webp
Ripped Safety Vest,Recyclable,Uncommon,0,3,1000,https://arcraiders.wiki/wiki/Ripped_Safety_Vest,https://arcraiders.wiki/w/images/thumb/a/a8/Ripped_Safety_Vest.png/348px-Ripped_Safety_Vest.png.webp
Rocket Thruster,Recyclable,Rare,0,3,2000,https://arcraiders.wiki/wiki/Rocket_Thruster,https://arcraiders.wiki/w/images/thumb/8/8a/Rocket_Thruster.png/348px-Rocket_Thruster.png.webp
Rocketeer Driver,Recyclable,Epic,0,3,5000,https://arcraiders.wiki/wiki/Rocketeer_Driver,https://arcraiders.wiki/w/images/thumb/e/ef/Rocketeer_Driver.png/348px-Rocketeer_Driver.png.webp
Roots,Nature,Uncommon,0,10,640,https://arcraiders.wiki/wiki/Roots,https://arcraiders.wiki/w/images/thumb/5/57/Roots.png/348px-Roots.png.webp
Rope,Topside Material,Rare,0,5,500,https://arcraiders.wiki/wiki/Rope,https://arcraiders.wiki/w/images/thumb/b/b4/Rope.png/348px-Rope.png.webp
Rosary,Trinket,Rare,0,3,2000,https://arcraiders.wiki/wiki/Rosary,https://arcraiders.wiki/w/images/thumb/7/77/Rosary.png/348px-Rosary.png.webp
Rotary Encoder,Recyclable,Rare,0,3,3000,https://arcraiders.wiki/wiki/Rotary_Encoder,https://arcraiders.wiki/w/images/e/e4/Rotary_Encoder.png
Rubber Duck,Trinket,Common,0,15,1000,https://arcraiders.wiki/wiki/Rubber_Duck,https://arcraiders.wiki/w/images/thumb/d/df/Rubber_Duck.png/348px-Rubber_Duck.png.webp
Rubber Pad,Recyclable,Rare,0,3,1000,https://arcraiders.wiki/wiki/Rubber_Pad,https://arcraiders.wiki/w/images/thumb/1/1a/Rubber_Pad.png/348px-Rubber_Pad.png.webp
Rubber Parts,Basic Material,Common,0,50,50,https://arcraiders.wiki/wiki/Rubber_Parts,https://arcraiders.wiki/w/images/thumb/9/93/Rubber_Parts.png/348px-Rubber_Parts.png.webp
Ruined Accordion,Recyclable,Rare,0,3,2000,https://arcraiders.wiki/wiki/Ruined_Accordion,https://arcraiders.wiki/w/images/thumb/a/a6/Ruined_Accordion.png/348px-Ruined_Accordion.png.webp
Ruined Augment,Recyclable,Common,0,1,0,https://arcraiders.wiki/wiki/Ruined_Augment,https://arcraiders.wiki/w/images/thumb/a/aa/Ruined_Augment.png/348px-Ruined_Augment.png.webp
Ruined Baton,Recyclable,Uncommon,0,3,640,https://arcraiders.wiki/wiki/Ruined_Baton,https://arcraiders.wiki/w/images/thumb/e/ee/Ruined_Baton.png/348px-Ruined_Baton.png.webp
Ruined Handcuffs,Recyclable,Uncommon,0,3,640,https://arcraiders.wiki/wiki/Ruined_Handcuffs,https://arcraiders.wiki/w/images/thumb/7/7c/Ruined_Handcuffs.png/348px-Ruined_Handcuffs.png.webp
Ruined Parachute,Recyclable,Uncommon,0,3,640,https://arcraiders.wiki/wiki/Ruined_Parachute,https://arcraiders.wiki/w/images/thumb/5/5c/Ruined_Parachute.png/348px-Ruined_Parachute.png.webp
Ruined Riot Shield,Recyclable,Rare,0,3,1000,https://arcraiders.wiki/wiki/Ruined_Riot_Shield,https://arcraiders.wiki/w/images/thumb/c/cb/Ruined_Riot_Shield.png/348px-Ruined_Riot_Shield.png.webp
Ruined Tactical Vest,Recyclable,Uncommon,0,3,640,https://arcraiders.wiki/wiki/Ruined_Tactical_Vest,https://arcraiders.wiki/w/images/thumb/c/c2/Ruined_Tactical_Vest.png/348px-Ruined_Tactical_Vest.png.webp
Rusted Bolts,Recyclable,Uncommon,0,3,640,https://arcraiders.wiki/wiki/Rusted_Bolts,https://arcraiders.wiki/w/images/thumb/b/bf/Rusted_Bolts.png/348px-Rusted_Bolts.png.webp
Rusted Gear,Recyclable,Rare,0,3,2000,https://arcraiders.wiki/wiki/Rusted_Gear,https://arcraiders.wiki/w/images/thumb/c/cf/Rusted_Gear.png/348px-Rusted_Gear.png.webp
Rusted Shut Medical Kit,Recyclable,Rare,0,3,2000,https://arcraiders.wiki/wiki/Rusted_Shut_Medical_Kit,https://arcraiders.wiki/w/images/thumb/1/1a/Rusted_Shut_Medical_Kit.png/348px-Rusted_Shut_Medical_Kit.png.webp
Rusted Tools,Recyclable,Rare,0,3,1000,https://arcraiders.wiki/wiki/Rusted_Tools,https://arcraiders.wiki/w/images/thumb/3/30/Rusted_Tools.png/348px-Rusted_Tools.png.webp
Rusty ARC Steel,Recyclable,Uncommon,0,3,640,https://arcraiders.wiki/wiki/Rusty_ARC_Steel,https://arcraiders.wiki/w/images/3/33/Rusty_ARC_Steel.png
Sample Cleaner,Recyclable,Rare,0,3,3000,https://arcraiders.wiki/wiki/Sample_Cleaner,https://arcraiders.wiki/w/images/thumb/d/d8/Sample_Cleaner.png/348px-Sample_Cleaner.png.webp
Seeker Grenade,Quick Use,Uncommon,0,1,0,https://arcraiders.wiki/wiki/Seeker_Grenade,https://arcraiders.wiki/w/images/thumb/3/35/Seeker_Grenade.png/348px-Seeker_Grenade.png.webp
Sensors,Topside Material,Rare,0,5,500,https://arcraiders.wiki/wiki/Sensors,https://arcraiders.wiki/w/images/thumb/9/9c/Sensors.png/348px-Sensors.png.webp
Sentinel Firing Core,Recyclable,Rare,0,3,3000,https://arcraiders.wiki/wiki/Sentinel_Firing_Core,https://arcraiders.wiki/w/images/thumb/9/91/Sentinel_Firing_Core.png/348px-Sentinel_Firing_Core.png.webp
Shaker,Quick Use,Uncommon,0,1,1000,https://arcraiders.wiki/wiki/Shaker,https://arcraiders.wiki/w/images/2/22/Shaker.png
Shield Recharger,Quick Use,Uncommon,0,1,0,https://arcraiders.wiki/wiki/Shield_Recharger,https://arcraiders.wiki/w/images/thumb/4/44/Shield_Recharger.png/348px-Shield_Recharger.png.webp
Shotgun Ammo,Ammunition,Common,0,1,0,https://arcraiders.wiki/wiki/Shotgun_Ammo,https://arcraiders.wiki/w/images/thumb/6/61/Shotgun_Ammo.png/348px-Shotgun_Ammo.png.webp
Shotgun Choke I,Mods,Common,0,1,0,https://arcraiders.wiki/wiki/Shotgun_Choke_I,https://arcraiders.wiki/w/images/thumb/0/07/Shotgun_Choke_I.png/348px-Shotgun_Choke_I.png.webp
Shotgun Choke II,Mods,Uncommon,0,1,0,https://arcraiders.wiki/wiki/Shotgun_Choke_II,https://arcraiders.wiki/w/images/thumb/6/63/Shotgun_Choke_II.png/348px-Shotgun_Choke_II.png.webp
Shotgun Choke III,Mods,Rare,0,1,0,https://arcraiders.wiki/wiki/Shotgun_Choke_III,https://arcraiders.wiki/w/images/thumb/3/36/Shotgun_Choke_III.png/348px-Shotgun_Choke_III.png.webp
Shotgun Silencer,Mods,Epic,0,1,0,https://arcraiders.wiki/wiki/Shotgun_Silencer,https://arcraiders.wiki/w/images/thumb/4/4d/Shotgun_Silencer.png/348px-Shotgun_Silencer.png.webp
Showstopper,Quick Use,Rare,0,1,0,https://arcraiders.wiki/wiki/Showstopper,https://arcraiders.wiki/w/images/thumb/1/18/Showstopper.png/348px-Showstopper.png.webp
Shrapnel Grenade,Quick Use,Uncommon,0,5,800,https://arcraiders.wiki/wiki/Shrapnel_Grenade,https://arcraiders.wiki/w/images/thumb/5/5f/Shrapnel_Grenade.png/348px-Shrapnel_Grenade.png.webp
Shredder Gyro,Recyclable,Rare,0,3,3000,https://arcraiders.wiki/wiki/Shredder_Gyro,https://arcraiders.wiki/w/images/thumb/9/96/Shredder_Gyro.png/348px-Shredder_Gyro.png.webp
Signal Amplifier,Recyclable,Rare,0,3,3000,https://arcraiders.wiki/wiki/Signal_Amplifier,https://arcraiders.wiki/w/images/thumb/d/de/Signal_Amplifier.png/348px-Signal_Amplifier.png.webp
Silencer I,Mods,Uncommon,0,1,0,https://arcraiders.wiki/wiki/Silencer_I,https://arcraiders.wiki/w/images/thumb/f/f7/Silencer_I.png/348px-Silencer_I.png.webp
Silencer II,Mods,Rare,0,1,0,https://arcraiders.wiki/wiki/Silencer_II,https://arcraiders.wiki/w/images/thumb/c/c0/Silencer_II.png/348px-Silencer_II.png.webp
Silencer III,Mods,Epic,0,1,0,https://arcraiders.wiki/wiki/Silencer_III,https://arcraiders.wiki/w/images/thumb/3/3e/Silencer_III.png/348px-Silencer_III.png.webp
Silver Teaspoon Set,Trinket,Rare,0,3,3000,https://arcraiders.wiki/wiki/Silver_Teaspoon_Set,https://arcraiders.wiki/w/images/thumb/9/90/Silver_Teaspoon_Set.png/348px-Silver_Teaspoon_Set.png.webp
Simple Gun Parts,Topside Material,Uncommon,0,10,330,https://arcraiders.wiki/wiki/Simple_Gun_Parts,https://arcraiders.wiki/w/images/thumb/d/da/Simple_Gun_Parts.png/348px-Simple_Gun_Parts.png.webp
Smoke Grenade,Quick Use,Rare,0,1,0,https://arcraiders.wiki/wiki/Smoke_Grenade,https://arcraiders.wiki/w/images/thumb/d/d5/Smoke_Grenade.png/348px-Smoke_Grenade.png.webp
Smoke Grenade Trap,Quick Use,Rare,0,1,0,https://arcraiders.wiki/wiki/Smoke_Grenade_Trap,https://arcraiders.wiki/w/images/thumb/a/ac/Smoke_Grenade_Trap.png/348px-Smoke_Grenade_Trap.png.webp
Snap Blast Grenade,Quick Use,Uncommon,0,1,0,https://arcraiders.wiki/wiki/Snap_Blast_Grenade,https://arcraiders.wiki/w/images/thumb/7/77/Snap_Blast_Grenade.png/348px-Snap_Blast_Grenade.png.webp
Snap Hook,Quick Use,Legendary,0,1,0,https://arcraiders.wiki/wiki/Snap_Hook,https://arcraiders.wiki/w/images/5/56/Snap_Hook.png
Snitch Scanner,Recyclable,Uncommon,0,1,0,https://arcraiders.wiki/wiki/Snitch_Scanner,https://arcraiders.wiki/w/images/thumb/e/e5/Snitch_Scanner.png/348px-Snitch_Scanner.png.webp
Snowball,Misc,Common,0,5,10,https://arcraiders.wiki/wiki/Snowball,https://arcraiders.wiki/w/images/thumb/0/04/Snowball.png/348px-Snowball.png.webp
Spaceport Container Storage Key,Key,Rare,0,1,0,https://arcraiders.wiki/wiki/Spaceport_Container_Storage_Key,https://arcraiders.wiki/w/images/thumb/9/98/Spaceport_Key.png/348px-Spaceport_Key.png.webp
Spaceport Control Tower Key,Key,Rare,0,1,0,https://arcraiders.wiki/wiki/Spaceport_Control_Tower_Key,https://arcraiders.wiki/w/images/thumb/9/98/Spaceport_Key.png/348px-Spaceport_Key.png.webp
Spaceport Trench Tower Key,Key,Uncommon,0,1,0,https://arcraiders.wiki/wiki/Spaceport_Trench_Tower_Key,https://arcraiders.wiki/w/images/thumb/9/98/Spaceport_Key.png/348px-Spaceport_Key.png.webp
Spaceport Warehouse Key,Key,Uncommon,0,1,0,https://arcraiders.wiki/wiki/Spaceport_Warehouse_Key,https://arcraiders.wiki/w/images/thumb/9/98/Spaceport_Key.png/348px-Spaceport_Key.png.webp
Speaker Component,Topside Material,Rare,0,5,500,https://arcraiders.wiki/wiki/Speaker_Component,https://arcraiders.wiki/w/images/thumb/e/ee/Speaker_Component.png/348px-Speaker_Component.png.webp
Spectrometer,Recyclable,Rare,0,3,3000,https://arcraiders.wiki/wiki/Spectrometer,https://arcraiders.wiki/w/images/thumb/0/0e/Spectrometer.png/348px-Spectrometer.png.webp
Spectrum Analyzer,Recyclable,Epic,0,3,3500,https://arcraiders.wiki/wiki/Spectrum_Analyzer,https://arcraiders.wiki/w/images/thumb/0/0a/Spectrum_Analyzer.png/348px-Spectrum_Analyzer.png.webp
Spotter Relay,Recyclable,Uncommon,0,3,2000,https://arcraiders.wiki/wiki/Spotter_Relay,https://arcraiders.wiki/w/images/thumb/5/58/Spotter_Relay.png/348px-Spotter_Relay.png.webp
Spring Cushion,Recyclable,Rare,0,3,2000,https://arcraiders.wiki/wiki/Spring_Cushion,https://arcraiders.wiki/w/images/thumb/2/26/Spring_Cushion.png/348px-Spring_Cushion.png.webp
Stable Stock I,Mods,Common,0,1,0,https://arcraiders.wiki/wiki/Stable_Stock_I,https://arcraiders.wiki/w/images/thumb/8/8d/Stable_Stock_I.png/348px-Stable_Stock_I.png.webp
Stable Stock II,Mods,Uncommon,0,1,0,https://arcraiders.wiki/wiki/Stable_Stock_II,https://arcraiders.wiki/w/images/thumb/b/b4/Stable_Stock_II.png/348px-Stable_Stock_II.png.webp
Stable Stock III,Mods,Rare,0,1,0,https://arcraiders.wiki/wiki/Stable_Stock_III,https://arcraiders.wiki/w/images/thumb/e/eb/Stable_Stock_III.png/348px-Stable_Stock_III.png.webp
Statuette,Trinket,Rare,0,3,3000,https://arcraiders.wiki/wiki/Statuette,https://arcraiders.wiki/w/images/thumb/8/8a/Statuette.png/348px-Statuette.png.webp
Steel Spring,Topside Material,Uncommon,0,15,300,https://arcraiders.wiki/wiki/Steel_Spring,https://arcraiders.wiki/w/images/thumb/d/db/Steel_Spring.png/348px-Steel_Spring.png.webp
Stella Montis Archives Key,Key,Epic,0,1,0,https://arcraiders.wiki/wiki/Stella_Montis_Archives_Key,https://arcraiders.wiki/w/images/thumb/1/19/Stella_Montis_Key.png/348px-Stella_Montis_Key.png.webp
Stella Montis Assembly Admin Key,Key,Uncommon,0,1,0,https://arcraiders.wiki/wiki/Stella_Montis_Assembly_Admin_Key,https://arcraiders.wiki/w/images/thumb/1/19/Stella_Montis_Key.png/348px-Stella_Montis_Key.png.webp
Stella Montis Medical Storage Key,Key,Uncommon,0,1,0,https://arcraiders.wiki/wiki/Stella_Montis_Medical_Storage_Key,https://arcraiders.wiki/w/images/thumb/1/19/Stella_Montis_Key.png/348px-Stella_Montis_Key.png.webp
Stella Montis Security Checkpoint Key,Key,Rare,0,1,0,https://arcraiders.wiki/wiki/Stella_Montis_Security_Checkpoint_Key,https://arcraiders.wiki/w/images/thumb/1/19/Stella_Montis_Key.png/348px-Stella_Montis_Key.png.webp
Sterilized Bandage,Quick Use,Rare,0,1,0,https://arcraiders.wiki/wiki/Sterilized_Bandage,https://arcraiders.wiki/w/images/thumb/9/99/Sterilized_Bandage.png/348px-Sterilized_Bandage.png.webp
Surge Shield Recharger,Quick Use,Rare,0,1,0,https://arcraiders.wiki/wiki/Surge_Shield_Recharger,https://arcraiders.wiki/w/images/thumb/c/c9/Surge_Shield_Recharger.png/348px-Surge_Shield_Recharger.png.webp
Surveyor Vault,Recyclable,Rare,0,3,2000,https://arcraiders.wiki/wiki/Surveyor_Vault,https://arcraiders.wiki/w/images/thumb/a/a9/Surveyor_Vault.png/348px-Surveyor_Vault.png.webp
Synthesized Fuel,Topside Material,Rare,0,1,0,https://arcraiders.wiki/wiki/Synthesized_Fuel,https://arcraiders.wiki/w/images/thumb/8/8e/Synthesized_Fuel.png/348px-Synthesized_Fuel.png.webp
Syringe,Topside Material,Rare,0,5,500,https://arcraiders.wiki/wiki/Syringe,https://arcraiders.wiki/w/images/thumb/1/17/Syringe.png/348px-Syringe.png.webp
Tactical Mk. 1,Augment,Uncommon,0,1,640,https://arcraiders.wiki/wiki/Tactical_Mk._1,https://arcraiders.wiki/w/images/thumb/1/18/Tactical_Mk._1.png/348px-Tactical_Mk._1.png.webp
Tactical Mk. 2,Augment,Rare,0,1,0,https://arcraiders.wiki/wiki/Tactical_Mk._2,https://arcraiders.wiki/w/images/thumb/6/6c/Tactical_Mk._2.png/348px-Tactical_Mk._2.png.webp
Tactical Mk. 3 (Defensive),Augment,Epic,0,1,0,https://arcraiders.wiki/wiki/Tactical_Mk._3_(Defensive),https://arcraiders.wiki/w/images/thumb/a/a9/Tactical_Mk._3_%28Defensive%29.png/348px-Tactical_Mk._3_%28Defensive%29.png.webp
Tactical Mk. 3 (Healing),Augment,Epic,0,1,0,https://arcraiders.wiki/wiki/Tactical_Mk._3_(Healing),https://arcraiders.wiki/w/images/thumb/1/12/Tactical_Mk._3_%28Healing%29.png/348px-Tactical_Mk._3_%28Healing%29.png.webp
Tagging Grenade,Quick Use,Rare,0,1,0,https://arcraiders.wiki/wiki/Tagging_Grenade,https://arcraiders.wiki/w/images/e/e5/Tagging_Grenade.png
Tattered ARC Lining,Recyclable,Uncommon,0,3,640,https://arcraiders.wiki/wiki/Tattered_ARC_Lining,https://arcraiders.wiki/w/images/3/35/Tattered_ARC_Lining.png
Tattered Clothes,Recyclable,Uncommon,0,3,640,https://arcraiders.wiki/wiki/Tattered_Clothes,https://arcraiders.wiki/w/images/thumb/c/c4/Tattered_Clothes.png/348px-Tattered_Clothes.png.webp
Telemetry Transceiver,Recyclable,Rare,0,3,3000,https://arcraiders.wiki/wiki/Telemetry_Transceiver,https://arcraiders.wiki/w/images/thumb/a/a8/Telemetry_Transceiver.png/348px-Telemetry_Transceiver.png.webp
Thermostat,Recyclable,Rare,0,3,1000,https://arcraiders.wiki/wiki/Thermostat,https://arcraiders.wiki/w/images/9/9a/Thermostat.png
Tick Pod,Recyclable,Uncommon,0,3,640,https://arcraiders.wiki/wiki/Tick_Pod,https://arcraiders.wiki/w/images/thumb/9/95/Tick_Pod.png/348px-Tick_Pod.png.webp
Toaster,Recyclable,Rare,0,3,1000,https://arcraiders.wiki/wiki/Toaster,https://arcraiders.wiki/w/images/thumb/5/50/Toaster.png/348px-Toaster.png.webp
Torn Blanket,Recyclable,Rare,0,3,640,https://arcraiders.wiki/wiki/Torn_Blanket,https://arcraiders.wiki/w/images/thumb/a/af/Torn_Blanket.png/348px-Torn_Blanket.png.webp
Torn Book,Trinket,Common,0,5,1000,https://arcraiders.wiki/wiki/Torn_Book,https://arcraiders.wiki/w/images/thumb/c/cc/Torn_Book.png/348px-Torn_Book.png.webp
Trailblazer,Quick Use,Rare,0,1,0,https://arcraiders.wiki/wiki/Trailblazer,https://arcraiders.wiki/w/images/thumb/8/89/Trailblazer.png/348px-Trailblazer.png.webp
Trigger 'Nade,Quick Use,Rare,0,1,0,https://arcraiders.wiki/wiki/Trigger_%27Nade,https://arcraiders.wiki/w/images/thumb/0/09/Trigger_Nade.png/348px-Trigger_Nade.png.webp
Turbo Pump,Recyclable,Rare,0,3,2000,https://arcraiders.wiki/wiki/Turbo_Pump,https://arcraiders.wiki/w/images/thumb/f/f1/Turbo_Pump.png/348px-Turbo_Pump.png.webp
Unusable Weapon,Recyclable,Rare,0,3,2000,https://arcraiders.wiki/wiki/Unusable_Weapon,https://arcraiders.wiki/w/images/thumb/3/37/Unusable_Weapon.png/348px-Unusable_Weapon.png.webp
Vase,Trinket,Rare,0,3,3000,https://arcraiders.wiki/wiki/Vase,https://arcraiders.wiki/w/images/thumb/6/6e/Vase.png/348px-Vase.png.webp
Vertical Grip I,Mods,Common,0,1,0,https://arcraiders.wiki/wiki/Vertical_Grip_I,https://arcraiders.wiki/w/images/thumb/4/4d/Vertical_Grip_I.png/348px-Vertical_Grip_I.png.webp
Vertical Grip II,Mods,Uncommon,0,1,0,https://arcraiders.wiki/wiki/Vertical_Grip_II,https://arcraiders.wiki/w/images/thumb/3/3c/Vertical_Grip_II.png/348px-Vertical_Grip_II.png.webp
Vertical Grip III,Mods,Rare,0,1,0,https://arcraiders.wiki/wiki/Vertical_Grip_III,https://arcraiders.wiki/w/images/thumb/2/20/Vertical_Grip_III.png/348px-Vertical_Grip_III.png.webp
Very Comfortable Pillow,Trinket,Uncommon,0,3,2000,https://arcraiders.wiki/wiki/Very_Comfortable_Pillow,https://arcraiders.wiki/w/images/thumb/a/a4/Very_Comfortable_Pillow.png/348px-Very_Comfortable_Pillow.png.webp
Vita Shot,Quick Use,Rare,0,1,0,https://arcraiders.wiki/wiki/Vita_Shot,https://arcraiders.wiki/w/images/thumb/7/7d/Vita_Shot.png/348px-Vita_Shot.png.webp
Vita Spray,Quick Use,Epic,0,1,0,https://arcraiders.wiki/wiki/Vita_Spray,https://arcraiders.wiki/w/images/thumb/1/1d/Vita_Spray.png/348px-Vita_Spray.png.webp
Volcanic Rock,Misc,Common,0,5,270,https://arcraiders.wiki/wiki/Volcanic_Rock,https://arcraiders.wiki/w/images/thumb/2/26/Volcanic_Rock.png/348px-Volcanic_Rock.png.webp
Voltage Converter,Topside Material,Rare,0,5,500,https://arcraiders.wiki/wiki/Voltage_Converter,https://arcraiders.wiki/w/images/thumb/c/c7/Voltage_Converter.png/348px-Voltage_Converter.png.webp
Wasp Driver,Recyclable,Rare,0,1,0,https://arcraiders.wiki/wiki/Wasp_Driver,https://arcraiders.wiki/w/images/thumb/3/30/Wasp_Driver.png/348px-Wasp_Driver.png.webp
Water Filter,Recyclable,Rare,0,3,1000,https://arcraiders.wiki/wiki/Water_Filter,https://arcraiders.wiki/w/images/thumb/4/48/Water_Filter.png/348px-Water_Filter.png.webp
Water Pump,Recyclable,Rare,0,3,1000,https://arcraiders.wiki/wiki/Water_Pump,https://arcraiders.wiki/w/images/thumb/2/28/Water_Pump.png/348px-Water_Pump.png.webp
Wires,Topside Material,Uncommon,0,15,200,https://arcraiders.wiki/wiki/Wires,https://arcraiders.wiki/w/images/thumb/3/39/Wires.png/348px-Wires.png.webp
Wolfpack,Quick Use,Epic,0,1,0,https://arcraiders.wiki/wiki/Wolfpack,https://arcraiders.wiki/w/images/thumb/2/24/Wolfpack.png/348px-Wolfpack.png.webp
Zipline,Quick Use,Rare,0,1,0,https://arcraiders.wiki/wiki/Zipline,https://arcraiders.wiki/w/images/thumb/f/f9/Zipline.png/348px-Zipline.png.webp